{
    "accuracy": 0.9440268987341772,
    "loss": 0.20368000893275948
}