{
    "accuracy": 0.8645174050632911,
    "loss": 0.40337841929514195
}