{
    "accuracy": 0.8301028481012658,
    "loss": 0.5196507629714434
}