{
    "accuracy": 0.9308742088607594,
    "loss": 0.2499798243936104
}